{"cameraMode":{"drawMode":0,"name":"Shaded","section":"Shading Mode"},"sceneLighting":true,"audioPlay":false,"sceneViewState":{"m_AlwaysRefresh":false,"showFog":true,"showSkybox":false,"showFlares":true,"showImageEffects":true,"showParticleSystems":true,"showVisualEffectGraphs":true,"m_FxEnabled":true},"in2DMode":false,"pivot":{"x":-32.23310089111328,"y":12.082531929016114,"z":-30.81412124633789},"rotation":{"x":0.24075394868850709,"y":0.07561543583869934,"z":-0.018816595897078515,"w":0.9674578905105591},"size":1.1755479574203492,"orthographic":false}