{"cameraMode":{"drawMode":0,"name":"Shaded","section":"Shading Mode"},"sceneLighting":true,"audioPlay":false,"sceneViewState":{"m_AlwaysRefresh":false,"showFog":true,"showSkybox":false,"showFlares":true,"showImageEffects":true,"showParticleSystems":true,"showVisualEffectGraphs":true,"m_FxEnabled":true},"in2DMode":false,"pivot":{"x":-35.65099334716797,"y":0.8542861938476563,"z":-1.1855888366699219},"rotation":{"x":0.1549556851387024,"y":-0.07194913178682327,"z":0.011316126212477684,"w":0.9852344989776611},"size":25.32807731628418,"orthographic":false}