{"cameraMode":{"drawMode":0,"name":"Shaded","section":"Shading Mode"},"sceneLighting":true,"audioPlay":false,"sceneViewState":{"m_AlwaysRefresh":false,"showFog":true,"showSkybox":false,"showFlares":true,"showImageEffects":true,"showParticleSystems":true,"showVisualEffectGraphs":true,"m_FxEnabled":true},"in2DMode":false,"pivot":{"x":-37.36030960083008,"y":5.13756799697876,"z":-25.502471923828126},"rotation":{"x":0.17118990421295167,"y":-0.07175257802009583,"z":0.012501583434641362,"w":0.9825422167778015},"size":0.8499464988708496,"orthographic":false}