{"cameraMode":{"drawMode":0,"name":"Shaded","section":"Shading Mode"},"sceneLighting":true,"audioPlay":false,"sceneViewState":{"m_AlwaysRefresh":false,"showFog":true,"showSkybox":false,"showFlares":true,"showImageEffects":true,"showParticleSystems":true,"showVisualEffectGraphs":true,"m_FxEnabled":true},"in2DMode":false,"pivot":{"x":-7.1020660400390629,"y":12.43305492401123,"z":-19.360870361328126},"rotation":{"x":-0.28205713629722597,"y":0.12104865163564682,"z":-0.03589969873428345,"w":-0.9510554671287537},"size":0.9007787108421326,"orthographic":false}