{"cameraMode":{"drawMode":0,"name":"Shaded","section":"Shading Mode"},"sceneLighting":true,"audioPlay":false,"sceneViewState":{"m_AlwaysRefresh":false,"showFog":true,"showSkybox":false,"showFlares":true,"showImageEffects":true,"showParticleSystems":true,"showVisualEffectGraphs":true,"m_FxEnabled":true},"in2DMode":false,"pivot":{"x":-38.23946762084961,"y":5.1041035652160648,"z":-25.952112197875978},"rotation":{"x":0.16846024990081788,"y":-0.37192752957344057,"z":0.0688328668475151,"w":0.9102487564086914},"size":0.8499464988708496,"orthographic":false}