{"cameraMode":{"drawMode":0,"name":"Shaded","section":"Shading Mode"},"sceneLighting":true,"audioPlay":false,"sceneViewState":{"m_AlwaysRefresh":false,"showFog":true,"showSkybox":false,"showFlares":true,"showImageEffects":true,"showParticleSystems":true,"showVisualEffectGraphs":true,"m_FxEnabled":true},"in2DMode":false,"pivot":{"x":-35.417625427246097,"y":1.2695778608322144,"z":-12.99204158782959},"rotation":{"x":0.20406164228916169,"y":-0.11657173186540604,"z":0.024481041356921197,"w":0.9716843962669373},"size":25.32807731628418,"orthographic":false}