{"cameraMode":{"drawMode":0,"name":"Shaded","section":"Shading Mode"},"sceneLighting":true,"audioPlay":false,"sceneViewState":{"m_AlwaysRefresh":false,"showFog":true,"showSkybox":false,"showFlares":true,"showImageEffects":true,"showParticleSystems":true,"showVisualEffectGraphs":true,"m_FxEnabled":true},"in2DMode":false,"pivot":{"x":-35.23952102661133,"y":16.59056854248047,"z":-41.328407287597659},"rotation":{"x":-0.25688812136650088,"y":-0.008121003396809101,"z":0.002158502582460642,"w":-0.9664064645767212},"size":0.9007787108421326,"orthographic":false}