{"cameraMode":{"drawMode":0,"name":"Shaded","section":"Shading Mode"},"sceneLighting":true,"audioPlay":false,"sceneViewState":{"m_AlwaysRefresh":false,"showFog":true,"showSkybox":false,"showFlares":true,"showImageEffects":true,"showParticleSystems":true,"showVisualEffectGraphs":true,"m_FxEnabled":true},"in2DMode":false,"pivot":{"x":910.6785278320313,"y":511.5836181640625,"z":389.1747131347656},"rotation":{"x":-0.015308513306081295,"y":-0.00390160852111876,"z":0.00006469015352195129,"w":-0.9998441934585571},"size":697.3943481445313,"orthographic":false}