{"cameraMode":{"drawMode":0,"name":"Shaded","section":"Shading Mode"},"sceneLighting":true,"audioPlay":false,"sceneViewState":{"m_AlwaysRefresh":false,"showFog":true,"showSkybox":false,"showFlares":true,"showImageEffects":true,"showParticleSystems":true,"showVisualEffectGraphs":true,"m_FxEnabled":true},"in2DMode":false,"pivot":{"x":13.744446754455567,"y":11.297170639038086,"z":-5.180115222930908},"rotation":{"x":-0.16580356657505036,"y":0.5476450324058533,"z":-0.11176006495952606,"w":-0.8124681115150452},"size":1.2247447967529297,"orthographic":false}