{"cameraMode":{"drawMode":0,"name":"Shaded","section":"Shading Mode"},"sceneLighting":true,"audioPlay":false,"sceneViewState":{"m_AlwaysRefresh":false,"showFog":true,"showSkybox":false,"showFlares":true,"showImageEffects":true,"showParticleSystems":true,"showVisualEffectGraphs":true,"m_FxEnabled":true},"in2DMode":false,"pivot":{"x":-32.93505096435547,"y":19.294893264770509,"z":-20.780385971069337},"rotation":{"x":0.21601882576942445,"y":-0.6036896109580994,"z":0.17450851202011109,"w":0.7472952604293823},"size":0.6495190262794495,"orthographic":false}